Classification - Australian and New Zealand Standard Industrial Classification (ANZSIC) 2006;;;;;;;;;;,,,
Level 1;;;;;;;;;;,,,
;Level 2;;;;;;;;;,,,
;;Level 3;;;HIANZ;;;ARRCO;;,,,
;;;Level 4;;Bool Val;Use case;Display name;Bool Val;Use case;Display name,,,
A;Agriculture, Forestry and Fishing;;;;;;;;;,,
;A01;Agriculture;;;;;;;;,,,
;;A011;Nursery and Floriculture Production;;;;;;;,,,
;;;A011100;Nursery Production (Under Cover);;;;;;,,,
;;;A011200;Nursery Production (Outdoors);;;;;;,,,
;;;A011300;Turf Growing;;;;;;,,,
;;;A011400;Floriculture Production (Under Cover);;;;;;,,,
;;;A011500;Floriculture Production (Outdoors);;;;;;,,,
;;A012;Mushroom and Vegetable Growing;;;;;;;,,,
;;;A012100;Mushroom Growing;;;;;;,,,
;;;A012200;Vegetable Growing (Under Cover);;;;;;,,,
;;;A012300;Vegetable Growing (Outdoors);;;;;;,,,
;;A013;Fruit and Tree Nut Growing;;;;;;;,,,
;;;A013100;Grape Growing;;;;;;,,,
;;;A013200;Kiwifruit Growing;;;;;;,,,
;;;A013300;Berry Fruit Growing;;;;;;,,,
;;;A013400;Apple and Pear Growing;;;;;;,,,
;;;A013500;Stone Fruit Growing;;;;;;,,,
;;;A013600;Citrus Fruit Growing;;;;;;,,,
;;;A013700;Olive Growing;;;;;;,,,
;;;A013900;Other Fruit and Tree Nut Growing;;;;;;,,,
;;A014;Grain, Sheep and Beef Cattle Farming;;;;;;;,,
;;;A014100;Sheep Farming (Specialised);;;;;;,,,
;;;A014200;Beef Cattle Farming (Specialised);;;;;;,,,
;;;A014300;Beef Cattle Feedlots (Specialised);;;;;;,,,
;;;A014400;Sheep-Beef Cattle Farming;;;;;;,,,
;;;A014500;Grain-Sheep and Grain-Beef Cattle Farming;;;;;;,,,
;;;A014600;Rice Growing;;;;;;,,,
;;;A014900;Other Grain Growing;;;;;;,,,
;;A015;Other Crop Growing;;;;;;;,,,
;;;A015100;Sugar Cane Growing;;;;;;,,,
;;;A015200;Cotton Growing;;;;;;,,,
;;;A015900;Other Crop Growing n.e.c.;;;;;;,,,
;;A016;Dairy Cattle Farming;;;;;;;,,,
;;;A016000;Dairy Cattle Farming;;;;;;,,,
;;A017;Poultry Farming;;;;;;;,,,
;;;A017100;Poultry Farming (Meat);;;;;;,,,
;;;A017200;Poultry Farming (Eggs);;;;;;,,,
;;A018;Deer Farming;;;;;;;,,,
;;;A018000;Deer Farming;;;;;;,,,
;;A019;Other Livestock Farming;;;;;;;,,,
;;;A019100;Horse Farming;;;;;;,,,
;;;A019200;Pig Farming;;;;;;,,,
;;;A019300;Beekeeping;;;;;;,,,
;;;A019900;Other Livestock Farming n.e.c.;;;;;;,,,
;A02;Aquaculture;;;;;;;;,,,
;;A020;Aquaculture;;;;;;;,,,
;;;A020100;Longline and Rack (Offshore) Aquaculture;;;;;;,,,
;;;A020200;Caged (Offshore) Aquaculture;;;;;;,,,
;;;A020300;Onshore Aquaculture;;;;;;,,,
;A03;Forestry and Logging;;;;;;;;,,,
;;A030;Forestry and Logging;;;;;;;,,,
;;;A030100;Forestry;;;;;;,,,
;;;A030200;Logging;;;;;;,,,
;A04;Fishing, Hunting and Trapping;;;;;;;;,,
;;A041;Fishing;;;;;;;,,,
;;;A041100;Rock Lobster and Crab Potting;;;;;;,,,
;;;A041200;Prawn Fishing;;;;;;,,,
;;;A041300;Line Fishing;;;;;;,,,
;;;A041400;Fish Trawling, Seining and Netting;;;;;;,,
;;;A041900;Other Fishing;;;;;;,,,
;;A042;Hunting and Trapping;;;;;;;,,,
;;;A042000;Hunting and Trapping;;;;;;,,,
;A05;Agriculture, Forestry and Fishing Support Services;;;;;;;;,,
;;A051; Forestry Support Services;;;;;;;,,,
;;;A051000;Forestry Support Services;;;;;;,,,
;;A052;Agriculture and Fishing Support Services;;;;;;;,,,
;;;A052100;Cotton Ginning;;;;;;,,,
;;;A052200;Shearing Services;;;;;;,,,
;;;A052900;Other Agriculture and Fishing Support Services;;;;;;,,,
B;Mining;;;;;;;;;,,,
;B06;Coal Mining;;;;;;;;,,,
;;B060;Coal Mining;;;;;;;,,,
;;;B060000;Coal Mining;;;;;;,,,
;B07;Oil and Gas Extraction;;;;;;;;,,,
;;B070;Oil and Gas Extraction;;;;;;;,,,
;;;B070000;Oil and Gas Extraction;;;;;;,,,
;B08;Metal Ore Mining;;;;;;;;,,,
;;B080;Metal Ore Mining;;;;;;;,,,
;;;B080100;Iron Ore Mining;;;;;;,,,
;;;B080200;Bauxite Mining;;;;;;,,,
;;;B080300;Copper Ore Mining;;;;;;,,,
;;;B080400;Gold Ore Mining;;;;;;,,,
;;;B080500;Mineral Sand Mining;;;;;;,,,
;;;B080600;Nickel Ore Mining;;;;;;,,,
;;;B080700;Silver-Lead-Zinc Ore Mining;;;;;;,,,
;;;B080900;Other Metal Ore Mining;;;;;;,,,
;B09;Non-Metallic Mineral Mining and Quarrying;;;;;;;;,,,
;;B091;Construction Material Mining;;;;;;;,,,
;;;B091100;Gravel and Sand Quarrying;;;;;;,,,
;;;B091900;Other Construction Material Mining;;;;;;,,,
;;B099;Other Non-Metallic Mineral Mining and Quarrying;;;;;;;,,,
;;;B099000;Other Non-Metallic Mineral Mining and Quarrying;;;;;;,,,
;B10;Exploration and Other Mining Support Services;;;;;;;;,,,
;;B101;Exploration;;;;;;;,,,
;;;B101100;Petroleum Exploration;;;;;;,,,
;;;B101200;Mineral Exploration;;;;;;,,,
;;B109;Other Mining Support Services;;;;;;;,,,
;;;B109000;Other Mining Support Services;;;;;;,,,
C;Manufacturing;;;;;;;;;,,,
;C11;Food Product Manufacturing;;;;;;;;,,,
;;C111;Meat and Meat Product Manufacturing;;;;;;;,,,
;;;C111100;Meat Processing;;;;;;,,,
;;;C111200;Poultry Processing;;;;;;,,,
;;;C111300;Cured Meat and Smallgoods Manufacturing;;;;;;,,,
;;C112;Seafood Processing;;;;;;;,,,
;;;C112000;Seafood Processing;;;;;;,,,
;;C113;Dairy Product Manufacturing;;;;;;;,,,
;;;C113100;Milk and Cream Processing;;;;;;,,,
;;;C113200;Ice Cream Manufacturing;;;;;;,,,
;;;C113300;Cheese and Other Dairy Product Manufacturing;;;;;;,,,
;;C114;Fruit and Vegetable Processing;;;;;;;,,,
;;;C114000;Fruit and Vegetable Processing;;;;;;,,,
;;C115;Oil and Fat Manufacturing;;;;;;;,,,
;;;C115000;Oil and Fat Manufacturing;;;;;;,,,
;;C116;Grain Mill and Cereal Product Manufacturing;;;;;;;,,,
;;;C116100;Grain Mill Product Manufacturing;;;;;;,,,
;;;C116200;Cereal, Pasta and Baking Mix Manufacturing;;;;;;,,
;;C117;Bakery Product Manufacturing;;;;;;;,,,
;;;C117100;Bread Manufacturing (Factory-based);;;;;;,,,
;;;C117200;Cake and Pastry Manufacturing (Factory-based);;;;;;,,,
;;;C117300;Biscuit Manufacturing (Factory-based);;;;;;,,,
;;;C117400;Bakery Product Manufacturing (Non-factory-based);;;;;;,,,
;;C118;Sugar and Confectionery Manufacturing;;;;;;;,,,
;;;C118100;Sugar Manufacturing;;;;;;,,,
;;;C118200;Confectionery Manufacturing;;;;;;,,,
;;C119;Other Food Product Manufacturing;;;;;;;,,,
;;;C119100;Potato Crisps and Corn Chips Manufacturing;;;;;;,,,
;;;C119200;Prepared Animal and Bird Feed Manufacturing;;;;;;,,,
;;;C119900;Other Food Products Manufacturing n.e.c.;;;;;;,,,
;C12; Beverage and Tobacco Product Manufacturing;;;;;;;;,,,
;;C121;Beverage Manufacturing;;;;;;;,,,
;;;C121100;Soft Drink, Cordial and Syrup Manufacturing;;;;;;,,
;;;C121200;Beer Manufacturing;;;;;;,,,
;;;C121300;Spirit Manufacturing;;;;;;,,,
;;;C121400;Wine and Other Alcoholic Beverage Manufacturing;;;;;;,,,
;;C122;Cigarette and Tobacco Product Manufacturing;;;;;;;,,,
;;;C122000;Cigarette and Tobacco Product Manufacturing;;;;;;,,,
;C13;Textile, Leather, Clothing and Footwear Manufacturing;;;;;;;;,
;;C131;Textile Fibre, Yarn and Woven Fabric Manufacturing;;;;;;;,,
;;;C131100;Wool Scouring;;;;;;,,,
;;;C131200;Natural Fibre Textile Manufacturing;;;;;;,,,
;;;C131300;Synthetic Fibre Textile Manufacturing;;;;;;,,,
;;C132;Leather Tanning and Fur Dressing;;;;;;;,,,
;;;C132000;Leather Tanning, Fur Dressing and Leather Product Manufacturing;;;;;;,,
;;C133;Textile Product Manufacturing;;;;;;;,,,
;;;C133100;Textile Floor Covering Manufacturing;;;;;;,,,
;;;C133200;Rope, Cordage and Twine Manufacturing;;;;;;,,
;;;C133300;Cut and Sewn Textile Product Manufacturing;;;;;;,,,
;;;C133400;Textile Finishing and Other Textile Product Manufacturing;;;;;;,,,
;;C134;Knitted Product Manufacturing;;;;;;;,,,
;;;C134000;Knitted Product Manufacturing;;;;;;,,,
;;C135;Clothing and Footwear Manufacturing;;;;;;;,,,
;;;C135100;Clothing Manufacturing;;;;;;,,,
;;;C135200;Footwear Manufacturing;;;;;;,,,
;C14;Wood Product Manufacturing;;;;;;;;,,,
;;C141;Log Sawmilling and Timber Dressing;;;;;;;,,,
;;;C141100;Log Sawmilling;;;;;;,,,
;;;C141200;Wood Chipping;;;;;;,,,
;;;C141300;Timber Resawing and Dressing;;;;;;,,,
;;C149;Other Wood Product Manufacturing;;;;;;;,,,
;;;C149100;Prefabricated Wooden Building Manufacturing;;;;;;,,,
;;;C149200;Wooden Structural Fittings and Components Manufacturing;;;;;;,,,
;;;C149300;Veneer and Plywood Manufacturing;;;;;;,,,
;;;C149400;Reconstituted Wood Product Manufacturing;;;;;;,,,
;;;C149900;Other Wood Product Manufacturing n.e.c.;;;;;;,,,
;C15;Pulp, Paper and Converted Paper Product Manufacturing;;;;;;;;,,
;;C151;Pulp, Paper and Paperboard Manufacturing;;;;;;;,,
;;;C151000;Pulp, Paper and Paperboard Manufacturing;;;;;;,,
;;C152;Converted Paper Product Manufacturing;;;;;;;,,,
;;;C152100;Corrugated Paperboard and Paperboard Container Manufacturing;;;;;;,,,
;;;C152200;Paper Bag and Sack Manufacturing;;;;;;,,,
;;;C152300;Paper Stationery Manufacturing;;;;;;,,,
;;;C152400;Sanitary Paper Product Manufacturing;;;;;;,,,
;;;C152900;Other Converted Paper Product Manufacturing;;;;;;,,,
;C16;Printing;;;;;;;;,,,
;;C161;Printing;;;;;;;,,,
;;;C161100;Printing;;;;;;,,,
;;;C161200;Printing Support Services;;;;;;,,,
;;C162;Reproduction of Recorded Media;;;;;;;,,,
;;;C162000;Reproduction of Recorded Media;;;;;;,,,
;C17; Petroleum and Coal Product Manufacturing;;;;;;;;,,,
;;C170;Petroleum Refining and Petroleum and Coal Product Manufacturing;;;;;;;,,,
;;;C170100;Petroleum Refining and Petroleum Fuels Manufacturing;;;;;;,,,
;;;C170900;Other Petroleum and Coal Product Manufacturing;;;;;;,,,
;C18;Basic Chemical and Chemical Product Manufacturing;;;;;;;;,,,
;;C181;Chemical Manufacturing;;;;;;;,,,
;;;C181100;Industrial Gases Manufacturing;;;;;;,,,
;;;C181200;Basic Organic Chemical Manufacturing;;;;;;,,,
;;;C181300;Basic Inorganic Chemical Manufacturing;;;;;;,,,
;;C182;Basic Polymer Manufacturing;;;;;;;,,,
;;;C182100;Synthetic Resin and Synthetic Rubber Manufacturing;;;;;;,,,
;;;C182900;Other Basic Polymer Manufacturing;;;;;;,,,
;;C183;Fertiliser and Pesticide Manufacturing;;;;;;;,,,
;;;C183100;Fertiliser Manufacturing;;;;;;,,,
;;;C183200;Pesticide Manufacturing;;;;;;,,,
;;C184;Pharmaceutical and Medicinal Product Manufacturing;;;;;;;,,,
;;;C184100;Human Pharmaceutical and Medicinal Product Manufacturing;;;;;;,,,
;;;C184200;Veterinary Pharmaceutical and Medicinal Product Manufacturing;;;;;;,,,
;;C185;Cleaning Compound and Toiletry Preparation Manufacturing;;;;;;;,,,
;;;C185100;Cleaning Compound Manufacturing;;;;;;,,,
;;;C185200;Cosmetic and Toiletry Preparation Manufacturing;;;;;;,,,
;;C189;Other Basic Chemical Product Manufacturing;;;;;;;,,,
;;;C189100;Photographic Chemical Manufacturing;;;;;;,,,
;;;C189200;Explosives Manufacturing;;;;;;,,,
;;;C189900;Other Basic Chemical Product Manufacturing n.e.c.;;;;;;,,,
;C19;Polymer Product and Rubber Product Manufacturing;;;;;;;;,,,
;;C191;Polymer Product Manufacturing;;;;;;;,,,
;;;C191100;Polymer Film and Sheet Packaging Material Manufacturing;;;;;;,,,
;;;C191200;Rigid and Semi Rigid Polymer Product Manufacturing;;;;;;,,,
;;;C191300;Polymer Foam Product Manufacturing;;;;;;,,,
;;;C191400;Tyre Manufacturing;;;;;;,,,
;;;C191500;Adhesive Manufacturing;;;;;;,,,
;;;C191600;Paint and Coatings Manufacturing;;;;;;,,,
;;;C191900;Other Polymer Product Manufacturing;;;;;;,,,
;;C192;Natural Rubber Product Manufacturing;;;;;;;,,,
;;;C192000;Natural Rubber Product Manufacturing;;;;;;,,,
;C20;Non-Metallic Mineral Product Manufacturing;;;;;;;;,,,
;;C201;Glass and Glass Product Manufacturing;;;;;;;,,,
;;;C201000;Glass and Glass Product Manufacturing;;;;;;,,,
;;C202;Ceramic Product Manufacturing;;;;;;;,,,
;;;C202100;Clay Brick Manufacturing;;;;;;,,,
;;;C202900;Other Ceramic Product Manufacturing;;;;;;,,,
;;C203;Cement, Lime, Plaster and Concrete Product Manufacturing;;;;;;;,
;;;C203100;Cement and Lime Manufacturing;;;;;;,,,
;;;C203200;Plaster and Gypsum Product Manufacturing;;;;;;,,,
;;;C203300;Ready-Mixed Concrete Manufacturing;;;;;;,,,
;;;C203400;Concrete Product Manufacturing;;;;;;,,,
;;C209;Other Non-Metallic Mineral Product Manufacturing;;;;;;;,,,
;;;C209000;Other Non-Metallic Mineral Product Manufacturing;;;;;;,,,
;C21;Primary Metal and Metal Product Manufacturing;;;;;;;;,,,
;;C211;Basic Ferrous Metal Manufacturing;;;;;;;,,,
;;;C211000;Iron Smelting and Steel Manufacturing;;;;;;,,,
;;C212;Basic Ferrous Metal Product Manufacturing;;;;;;;,,,
;;;C212100;Iron and Steel Casting;;;;;;,,,
;;;C212200;Steel Pipe and Tube Manufacturing;;;;;;,,,
;;C213;Basic Non-Ferrous Metal Manufacturing;;;;;;;,,,
;;;C213100;Alumina Production;;;;;;,,,
;;;C213200;Aluminium Smelting;;;;;;,,,
;;;C213300;Copper, Silver, Lead, and Zinc Smelting and Refining;;;;;;
;;;C213900;Other Basic Non-Ferrous Metal Manufacturing;;;;;;,,,
;;C214;Basic Non-Ferrous Metal Product Manufacturing;;;;;;;,,,
;;;C214100;Non-Ferrous Metal Casting;;;;;;,,,
;;;C214200;Aluminium Rolling, Drawing, Extruding;;;;;;,
;;;C214900;Other Basic Non-Ferrous Metal Product Manufacturing;;;;;;,,,
;C22;Fabricated Metal Product Manufacturing;;;;;;;;,,,
;;C221; Iron and Steel Forging;;;;;;;,,,
;;;C221000;Iron and Steel Forging;;;;;;,,,
;;C222;Structural Metal Product Manufacturing;;;;;;;,,,
;;;C222100;Structural Steel Fabricating;;;;;;,,,
;;;C222200;Prefabricated Metal Building Manufacturing;;;;;;,,,
;;;C222300;Architectural Aluminium Product Manufacturing;;;;;;,,,
;;;C222400;Metal Roof and Guttering Manufacturing (except Aluminium);;;;;;,,,
;;;C222900;Other Structural Metal Product Manufacturing;;;;;;,,,
;;C223;Metal Container Manufacturing;;;;;;;,,,
;;;C223100;Boiler, Tank and Other Heavy Gauge Metal Container Manufacturing;;;;;;,,
;;;C223900;Other Metal Container Manufacturing;;;;;;,,,
;;C224;Other Sheet Metal Product Manufacturing;;;;;;;,,,
;;;C224000;Other Sheet Metal Product Manufacturing;;;;;;,,,
;;C229;Other Fabricated Metal Product Manufacturing;;;;;;;,,,
;;;C229100;Spring and Wire Product Manufacturing;;;;;;,,,
;;;C229200;Nut, Bolt, Screw and Rivet Manufacturing;;;;;;,
;;;C229300;Metal Coating and Finishing;;;;;;,,,
;;;C229900;Other Fabricated Metal Product Manufacturing n.e.c.;;;;;;,,,
;C23;Transport Equipment Manufacturing;;;;;;;;,,,
;;C231;Motor Vehicle and Motor Vehicle Part Manufacturing;;;;;;;,,,
;;;C231100;Motor Vehicle Manufacturing;;;;;;,,,
;;;C231200;Motor Vehicle Body and Trailer Manufacturing;;;;;;,,,
;;;C231300;Automotive Electrical Components Manufacturing;;;;;;,,,
;;;C231900;Other Motor Vehicle Parts Manufacturing;;;;;;,,,
;;C239;Other Transport Equipment Manufacturing;;;;;;;,,,
;;;C239100;Shipbuilding and Repair Services;;;;;;,,,
;;;C239200;Boatbuilding and Repair Services;;;;;;,,,
;;;C239300;Railway Rolling Stock Manufacturing and Repair Services;;;;;;,,,
;;;C239400;Aircraft Manufacturing and Repair Services;;;;;;,,,
;;;C239900;Other Transport Equipment Manufacturing n.e.c.;;;;;;,,,
;C24;Machinery and Equipment Manufacturing;;;;;;;;,,,
;;C241;Professional and Scientific Equipment Manufacturing;;;;;;;,,,
;;;C241100;Photographic, Optical and Ophthalmic Equipment Manufacturing;;;;;;,,
;;;C241200;Medical and Surgical Equipment Manufacturing;;;;;;,,,
;;;C241900;Other Professional and Scientific Equipment Manufacturing;;;;;;,,,
;;C242;Computer and Electronic Equipment Manufacturing;;;;;;;,,,
;;;C242100;Computer and Electronic Office Equipment Manufacturing;;;;;;,,,
;;;C242200;Communications Equipment Manufacturing;;;;;;,,,
;;;C242900;Other Electronic Equipment Manufacturing;;;;;;,,,
;;C243;Electrical Equipment Manufacturing;;;;;;;,,,
;;;C243100;Electric Cable and Wire Manufacturing;;;;;;,,,
;;;C243200;Electric Lighting Equipment Manufacturing;;;;;;,,,
;;;C243900;Other Electrical Equipment Manufacturing;;;;;;,,,
;;C244;Domestic Appliance Manufacturing;;;;;;;,,,
;;;C244100;Whiteware Appliance Manufacturing;;;;;;,,,
;;;C244900;Other Domestic Appliance Manufacturing;;;;;;,,,
;;C245;Pump, Compressor, Heating and Ventilation Equipment Manufacturing;;;;;;;,
;;;C245100;Pumps and Compressors Manufacturing;;;;;;,,,
;;;C245200;Fixed Space Heating, Cooling and Ventilation Equipment Manufacturing;;;;;;,,
;;C246;Specialised Machinery and Equipment Manufacturing;;;;;;;,,,
;;;C246100;Agricultural Machinery and Equipment Manufacturing;;;;;;,,,
;;;C246200;Mining and Construction Machinery Manufacturing;;;;;;,,,
;;;C246300;Machine Tool and Parts Manufacturing;;;;;;,,,
;;;C246900;Other Specialised Machinery and Equipment Manufacturing;;;;;;,,,
;;C249;Other Machinery and Equipment Manufacturing;;;;;;;,,,
;;;C249100;Lifting and Material Handling Equipment Manufacturing;;;;;;,,,
;;;C249900;Other Machinery and Equipment Manufacturing n.e.c.;;;;;;,,,
;C25;Furniture and Other Manufacturing;;;;;;;;,,,
;;C251;Furniture Manufacturing;;;;;;;,,,
;;;C251100;Wooden Furniture and Upholstered Seat Manufacturing;;;;;;,,,
;;;C251200;Metal Furniture Manufacturing;;;;;;,,,
;;;C251300;Mattress Manufacturing;;;;;;,,,
;;;C251900;Other Furniture Manufacturing;;;;;;,,,
;;C259;Other Manufacturing;;;;;;;,,,
;;;C259100;Jewellery and Silverware Manufacturing;;;;;;,,,
;;;C259200;Toy, Sporting and Recreational Product Manufacturing;;;;;;,,
;;;C259900;Other Manufacturing n.e.c.;;;;;;,,,
D;Electricity, Gas, Water and Waste Services;;;;;;;;;,
;D26; Electricity Supply;;;;;;;;,,,
;;D261;Electricity Generation;;;;;;;,,,
;;;D261100;Fossil Fuel Electricity Generation;;;;;;,,,
;;;D261200;Hydro-electricity Generation;;;;;;,,,
;;;D261900;Other Electricity Generation;;;;;;,,,
;;D262;Electricity Transmission;;;;;;;,,,
;;;D262000;Electricity Transmission;;;;;;,,,
;;D263;Electricity Distribution;;;;;;;,,,
;;;D263000;Electricity Distribution;;;;;;,,,
;;D264;On Selling Electricity and Electricity Market Operation;;;;;;;,,,
;;;D264000;On Selling Electricity and Electricity Market Operation;;;;;;,,,
;D27;Gas Supply;;;;;;;;,,,
;;D270;Gas Supply;;;;;;;,,,
;;;D270000;Gas Supply;;;;;;,,,
;D28;Water Supply, Sewerage and Drainage Services;;;;;;;;,,
;;D281;Water Supply, Sewerage and Drainage Services;;;;;;;,,
;;;D281100;Water Supply;;;;;;,,,
;;;D281200;Sewerage and Drainage Services;;;;;;,,,
;D29;Waste Collection, Treatment and Disposal Services;;;;;;;;,,
;;D291;Waste Collection Services;;;;;;;,,,
;;;D291100;Solid Waste Collection Services;;;;;;,,,
;;;D291900;Other Waste Collection Services;;;;;;,,,
;;D292;Waste Treatment, Disposal and Remediation Services;;;;;;;,,
;;;D292100;Waste Treatment and Disposal Services;;;;;;,,,
;;;D292200;Waste Remediation and Materials Recovery Services;;;;;;,,,
E;Construction;;;;;;;;;,,,
;E30; Building Construction;;;;;;;;,,,
;;E301;Residential Building Construction;;;;;;;,,,
;;;E301100;House Construction;;;;;;,,,
;;;E301900;Other Residential Building Construction;;;;;;,,,
;;E302;Non-Residential Building Construction;;;;;;;,,,
;;;E302000;Non-Residential Building Construction;;;;;;,,,
;E31;Heavy and Civil Engineering Construction;;;;;;;;,,,
;;E310;Heavy and Civil Engineering Construction;;;;;;;,,,
;;;E310100;Road and Bridge Construction;;;;;;,,,
;;;E310900;Other Heavy and Civil Engineering Construction;;;;;;,,,
;E32;Construction Services;;;;;;;;,,,
;;E321;Land Development and Site Preparation Services;;;;;;;,,,
;;;E321100;Land Development and Subdivision;;;;;;,,,
;;;E321200;Site Preparation Services;;;;;;,,,
;;E322;Building Structure Services;;;;;;;,,,
;;;E322100;Concreting Services;;;;;;,,,
;;;E322200;Bricklaying Services;;;;;;,,,
;;;E322300;Roofing Services;;;;;;,,,
;;;E322400;Structural Steel Erection Services;;;;;;,,,
;;E323;Building Installation Services;;;;;;;,,,
;;;E323100;Plumbing Services;;;;;;,,,
;;;E323200;Electrical Services;;;;;;,,,
;;;E323300;Air Conditioning and Heating Services;;;;;;,,,
;;;E323400;Fire and Security Alarm Installation Services;;;;;;,,,
;;;E323900;Other Building Installation Services;;;;;;,,,
;;E324;Building Completion Services;;;;;;;,,,
;;;E324100;Plastering and Ceiling Services;;;;;;,,,
;;;E324200;Carpentry Services;;;;;;,,,
;;;E324300;Tiling and Carpeting Services;;;;;;,,,
;;;E324400;Painting and Decorating Services;;;;;;,,,
;;;E324500;Glazing Services;;;;;;,,,
;;E329;Other Construction Services;;;;;;;,,,
;;;E329100;Landscape Construction Services;;;;;;,,,
;;;E329200;Hire of Construction Machinery with Operator;;;;;;,,,
;;;E329900;Other Construction Services n.e.c.;;;;;;,,,
F;Wholesale Trade;;;;;;;;;,,,
;F33;Basic Material Wholesaling;;;;;;;;,,,
;;F331;Agricultural Product Wholesaling;;;;;;;,,,
;;;F331100;Wool Wholesaling;;;;;;,,,
;;;F331200;Cereal Grain Wholesaling;;;;;;,,,
;;;F331900;Other Agricultural Product Wholesaling;;;;;;,,,
;;F332;Mineral, Metal and Chemical Wholesaling;;;;;;;,,
;;;F332100;Petroleum Product Wholesaling;;;;;;,,,
;;;F332200;Metal and Mineral Wholesaling;;;;;;,,,
;;;F332300;Industrial and Agricultural Chemical Product Wholesaling;;;;;;,,,
;;F333;Timber and Hardware Goods Wholesaling;;;;;;;,,,
;;;F333100;Timber Wholesaling;;;;;;,,,
;;;F333200;Plumbing Goods Wholesaling;;;;;;,,,
;;;F333900;Other Hardware Goods Wholesaling;;;;;;,,,
;F34;Machinery and Equipment Wholesaling;;;;;;;;,,,
;;F341;Specialised Industrial Machinery and Equipment Wholesaling;;;;;;;,,,
;;;F341100;Agricultural and Construction Machinery Wholesaling;;;;;;,,,
;;;F341900;Other Specialised Industrial Machinery and Equipment Wholesaling;;;;;;,,,
;;F349;Other Machinery and Equipment Wholesaling;;;;;;;,,,
;;;F349100;Professional and Scientific Goods Wholesaling;;;;;;,,,
;;;F349200;Computer and Computer Peripherals Wholesaling;;;;;;,,,
;;;F349300;Telecommunication Goods Wholesaling;;;;;;,,,
;;;F349400;Other Electrical and Electronic Goods Wholesaling;;;;;;,,,
;;;F349900;Other Machinery and Equipment Wholesaling n;;;;;;,,,
;F35;Motor Vehicle and Motor Vehicle Parts Wholesaling;;;;;;;;,,,
;;F350;Motor Vehicle and Motor Vehicle Parts Wholesaling;;;;;;;,,,
;;;F350100;Car Wholesaling;;;;;;,,,
;;;F350200;Commercial Vehicle Wholesaling;;;;;;,,,
;;;F350300;Trailer and Other Motor Vehicle Wholesaling;;;;;;,,,
;;;F350400;Motor Vehicle New Part Wholesaling;;;;;;,,,
;;;F350500;Motor Vehicle Dismantling and Used Part Wholesaling;;;;;;,,,
;F36;Grocery, Liquor and Tobacco Product Wholesaling;;;;;;;;,,
;;F360;Grocery, Liquor and Tobacco Product Wholesaling;;;;;;;,,
;;;F360100;General Line Groceries Wholesaling;;;;;;,,,
;;;F360200;Meat, Poultry and Smallgoods Wholesaling;;;;;;,,
;;;F360300;Dairy Produce Wholesaling;;;;;;,,,
;;;F360400;Fish and Seafood Wholesaling;;;;;;,,,
;;;F360500;Fruit and Vegetable Wholesaling;;;;;;,,,
;;;F360600;Liquor and Tobacco Product Wholesaling;;;;;;,,,
;;;F360900;Other Grocery Wholesaling;;;;;;,,,
;F37;Other Goods Wholesaling;;;;;;;;,,,
;;F371;Textile, Clothing and Footwear Wholesaling;;;;;;;,,
;;;F371100;Textile Product Wholesaling;;;;;;,,,
;;;F371200;Clothing and Footwear Wholesaling;;;;;;,,,
;;F372;Pharmaceutical and Toiletry Goods Wholesaling;;;;;;;,,,
;;;F372000;Pharmaceutical and Toiletry Goods Wholesaling;;;;;;,,,
;;F373;Furniture, Floor Coverings and Other Goods Wholesaling;;;;;;;,,
;;;F373100;Furniture and Floor Coverings Wholesaling;;;;;;,,,
;;;F373200;Jewellery and Watch Wholesaling;;;;;;,,,
;;;F373300;Kitchen and Dining Ware Wholesaling;;;;;;,,,
;;;F373400;Toy and Sporting Goods Wholesaling;;;;;;,,,
;;;F373500;Book and Magazine Wholesaling;;;;;;,,,
;;;F373600;Paper Product Wholesaling;;;;;;,,,
;;;F373900;Other Goods Wholesaling n.e.c.;;;;;;,,,
;F38;Commission Based Wholesaling;;;;;;;;,,,
;;F380;Commission Based Wholesaling;;;;;;;,,,
;;;F380000;Commission Based Wholesaling;;;;;;,,,
G;Retail Trade;;;;;;;;;,,,
;G39;Motor Vehicle and Motor Vehicle Parts Retailing;;;;;;;;,,,
;;G391;Motor Vehicle Retailing;;;;;;;,,,
;;;G391100;Car Retailing;;;;;;,,,
;;;G391200;Motor Cycle Retailing;;;;;;,,,
;;;G391300;Trailer and Other Motor Vehicle Retailing;;;;;;,,,
;;G392;Motor Vehicle Parts Retailing;;;;;;;,,,
;;;G392100;Motor Vehicle Parts Retailing;;;;;;,,,
;;;G392200;Tyre Retailing;;;;;;,,,
;G40;Fuel Retailing;;;;;;;;,,,
;;G400;Fuel Retailing;;;;;;;,,,
;;;G400000;Fuel Retailing;;;;;;,,,
;G41;Food Retailing;;;;;;;;,,,
;;G411;Supermarket and Grocery Stores;;;;;;;,,,
;;;G411000;Supermarket and Grocery Stores;;;;;;,,,
;;G412;Specialised Food Retailing;;;;;;;,,,
;;;G412100;Fresh Meat, Fish and Poultry Retailing;;;;;;,,
;;;G412200;Fruit and Vegetable Retailing;;;;;;,,,
;;;G412300;Liquor Retailing;;;;;;,,,
;;;G412900;Other Specialised Food Retailing;;;;;;,,,
;G42;Other Store-Based Retailing;;;;;;;;,,,
;;G421;Furniture, Floor Coverings, Houseware and Textile Goods Retailing;;;;;;;,
;;;G421100;Furniture Retailing;;;;;;,,,
;;;G421200;Floor Coverings Retailing;;;;;;,,,
;;;G421300;Houseware Retailing;;;;;;,,,
;;;G421400;Manchester and Other Textile Goods Retailing;;;;;;,,,
;;G422;Electrical and Electronic Goods Retailing;;;;;;;,,,
;;;G422100;Electrical, Electronic and Gas Appliance Retailing;;;;;;,,
;;;G422200;Computer and Computer Peripherals Retailing;;;;;;,,,
;;;G422900;Other Electrical and Electronic Goods Retailing;;;;;;,,,
;;G423;Hardware, Building and Garden Supplies Retailing;;;;;;;,,
;;;G423100;Hardware and Building Supplies Retailing;;;;;;,,,
;;;G423200;Garden Supplies Retailing;;;;;;,,,
;;G424;Recreational Goods Retailing;;;;;;;,,,
;;;G424100;Sport and Camping Equipment Retailing;;;;;;,,,
;;;G424200;Entertainment Media Retailing;;;;;;,,,
;;;G424300;Toy and Game Retailing;;;;;;,,,
;;;G424400;Newspaper and Book Retailing;;;;;;,,,
;;;G424500;Marine Equipment Retailing;;;;;;,,,
;;G425;Clothing, Footwear and Personal Accessories Retailing;;;;;;;,,
;;;G425100;Clothing Retailing;;;;;;,,,
;;;G425200;Footwear Retailing;;;;;;,,,
;;;G425300;Watch and Jewellery Retailing;;;;;;,,,
;;;G425900;Other Personal Accessories Retailing;;;;;;,,,
;;G426;Department Stores;;;;;;;,,,
;;;G426000;Department Stores;;;;;;,,,
;;G427;Pharmaceutical and Other Store-Based Retailing;;;;;;;,,,
;;;G427100;Pharmaceutical, Cosmetic and Toiletry Goods Retailing;;;;;;,,
;;;G427200;Stationery Goods Retailing;;;;;;,,,
;;;G427300;Antique and Used Goods Retailing;;;;;;,,,
;;;G427400;Flower Retailing;;;;;;,,,
;;;G427900;Other Store-Based Retailing n.e.c.;;;;;;,,,
;G43;Non Store Retailing and Retail Commission Based Buying and/or Selling;;;;;;;;,,,
;;G431;Non Store Retailing;;;;;;;,,,
;;;G431000;Non Store Retailing;;;;;;,,,
;;G432;Retail Commission Based Buying and/or Selling;;;;;;;,,,
;;;G432000;Retail Commission Based Buying and/or Selling;;;;;;,,,
H;Accommodation and Food Services;;;;;;;;;,,,
;H44;Accommodation;;;;;;;;,,,
;;H440;Accommodation;;;;;;;,,,
;;;H440000;Accommodation;;;;;;,,,
;H45;Food and Beverage Services;;;;;;;;,,,
;;H451;Cafes, Restaurants and Takeaway Food Services;;;;;;;,,
;;;H451100;Cafes and Restaurants;;;;;;,,,
;;;H451200;Takeaway Food Services;;;;;;,,,
;;;H451300;Catering Services;;;;;;,,,
;;H452;Pubs, Taverns and Bars;;;;;;;,,
;;;H452000;Pubs, Taverns and Bars;;;;;;,,
;;H453;Clubs (Hospitality);;;;;;;,,,
;;;H453000;Clubs (Hospitality);;;;;;,,,
I;Transport, Postal and Warehousing;;;;;;;;;,,
;I46;Road Transport;;;;;;;;,,,
;;I461;Road Freight Transport;;;;;;;,,,
;;;I461000;Road Freight Transport;;;;;;,,,
;;I462;Road Passenger Transport;;;;;;;,,,
;;;I462100;Interurban and Rural Bus Transport;;;;;;,,,
;;;I462200;Urban Bus Transport (Including Tramway);;;;;;,,,
;;;I462300;Taxi and Other Road Transport;;;;;;,,,
;I47;Rail Transport;;;;;;;;,,,
;;I471;Rail Freight Transport;;;;;;;,,,
;;;I471000;Rail Freight Transport;;;;;;,,,
;;I472;Rail Passenger Transport;;;;;;;,,,
;;;I472000;Rail Passenger Transport;;;;;;,,,
;I48;Water Transport;;;;;;;;,,,
;;I481;Water Freight Transport;;;;;;;,,,
;;;I481000;Water Freight Transport;;;;;;,,,
;;I482;Water Passenger Transport;;;;;;;,,,
;;;I482000;Water Passenger Transport;;;;;;,,,
;I49;Air and Space Transport;;;;;;;;,,,
;;I490;Air and Space Transport;;;;;;;,,,
;;;I490000;Air and Space Transport;;;;;;,,,
;I50;Other Transport;;;;;;;;,,,
;;I501;Scenic and Sightseeing Transport;;;;;;;,,,
;;;I501000;Scenic and Sightseeing Transport;;;;;;,,,
;;I502;Pipeline and Other Transport;;;;;;;,,,
;;;I502100;Pipeline Transport;;;;;;,,,
;;;I502900;Other Transport n.e.c.;;;;;;,,,
;I51;Postal and Courier Pick-up and Delivery Services;;;;;;;;,,,
;;I510;Postal and Courier Pick-up and Delivery Services;;;;;;;,,,
;;;I510100;Postal Services;;;;;;,,,
;;;I510200;Courier Pick-up and Delivery Services;;;;;;,,,
;I52;Transport Support Services;;;;;;;;,,,
;;I521;Water Transport Support Services;;;;;;;,,,
;;;I521100;Stevedoring Services;;;;;;,,,
;;;I521200;Port and Water Transport Terminal Operations;;;;;;,,,
;;;I521900;Other Water Transport Support Services;;;;;;,,,
;;I522;Air Transport Support Services;;;;;;;,,,
;;;I522000;Airport Operations and Other Air Transport Support Services;;;;;;,,,
;;I529;Other Transport Support Services;;;;;;;,,,
;;;I529100;Customs Agency Services;;;;;;,,,
;;;I529200;Freight Forwarding Services;;;;;;,,,
;;;I529900;Other Transport Support Services n.e.c;;;;;;,,,
;I53;Warehousing and Storage Services;;;;;;;;,,,
;;I530;Warehousing and Storage Services;;;;;;;,,,
;;;I530100;Grain Storage Services;;;;;;,,,
;;;I530900;Other Warehousing and Storage Services;;;;;;,,,
J;Information Media and Telecommunications;;;;;;;;;,,,
;J54;Publishing (except Internet and Music Publishing);;;;;;;;,,,
;;J541;Newspaper, Periodical, Book and Directory Publishing;;;;;;;,
;;;J541100;Newspaper Publishing;;;;;;,,,
;;;J541200;Magazine and Other Periodical Publishing;;;;;;,,,
;;;J541300;Book Publishing;;;;;;,,,
;;;J541400;Directory and Mailing List Publishing;;;;;;,,,
;;;J541900;Other Publishing (except Software, Music and Internet);;;;;;,,
;;J542;Software Publishing;;;;;;;,,,
;;;J542000;Software Publishing;;;;;;,,,
;J55;Motion Picture and Sound Recording Activities;;;;;;;;,,,
;;J551;Motion Picture and Video Activities;;;;;;;,,,
;;;J551100;Motion Picture and Video Production;;;;;;,,,
;;;J551200;Motion Picture and Video Distribution;;;;;;,,,
;;;J551300;Motion Picture Exhibition;;;;;;,,,
;;;J551400;Postproduction Services and Other Motion Picture and Video Activities;;;;;;,,,
;;J552;Sound Recording and Music Publishing;;;;;;;,,,
;;;J552100;Music Publishing;;;;;;,,,
;;;J552200;Music and Other Sound Recording Activities;;;;;;,,,
;J56;Broadcasting (except Internet);;;;;;;;,,,
;;J561;Radio Broadcasting;;;;;;;,,,
;;;J561000;Radio Broadcasting;;;;;;,,,
;;J562;Television Broadcasting;;;;;;;,,,
;;;J562100;Free-to-Air Television Broadcasting;;;;;;,,,
;;;J562200;Cable and Other Subscription Programming;;;;;;,,,
;J57;Internet Publishing and Broadcasting;;;;;;;;,,,
;;J570;Internet Publishing and Broadcasting;;;;;;;,,,
;;;J570000;Internet Publishing and Broadcasting;;;;;;,,,
;J58;Telecommunications Services;;;;;;;;,,,
;;J580;Telecommunications Services;;;;;;;,,,
;;;J580100;Wired Telecommunications Network Operation;;;;;;,,,
;;;J580200;Other Telecommunications Network Operation;;;;;;,,,
;;;J580900;Other Telecommunications Services;;;;;;,,,
;J59;Internet Service Providers, Web Search Portals and Data Processing Services;;;;;;;;,,
;;J591;Internet Service Providers and Web Search Portals;;;;;;;,,,
;;;J591000;Internet Access Services;;;;;;,,,
;;J592;Data Processing, Web Hosting and Electronic Information Storage Services;;;;;;;,,
;;;J592100;Data Processing and Web Hosting Services;;;;;;,,,
;;;J592200;Electronic Information Storage Services;;;;;;,,,
;J60;Library and Other Information Services;;;;;;;;,,,
;;J601;Libraries and Archives;;;;;;;,,,
;;;J601000;Libraries and Archives;;;;;;,,,
;;J602;Other Information Services;;;;;;;,,,
;;;J602000;Other Information Services;;;;;;,,,
K;Financial and Insurance Services;;;;;;;;;,,,
;K62;Finance;;;;;;;;,,,
;;K621;Central Banking;;;;;;;,,,
;;;K621000;Central Banking;;;;;;,,,
;;K622;Depository Financial Intermediation;;;;;;;,,,
;;;K622100;Banking;;;;;;,,,
;;;K622200;Building Society Operation;;;;;;,,,
;;;K622300;Credit Union Operation;;;;;;,,,
;;;K622900;Other Depository Financial Intermediation;;;;;;,,,
;;K623;Non-depository Financing;;;;;;;,,,
;;;K623000;Non-depository Financing;;;;;;,,,
;;K624;Financial Asset Investing;;;;;;;,,,
;;;K624000;Financial Asset Investing;;;;;;,,,
;K63;Insurance and Superannuation Funds;;;;;;;;,,,
;;K631;Life Insurance;;;;;;;,,,
;;;K631000;Life Insurance;;;;;;,,,
;;K632;Health and General Insurance;;;;;;;,,,
;;;K632100;Health Insurance;;;;;;,,,
;;;K632200;General Insurance;;;;;;,,,
;;K633;Superannuation Funds;;;;;;;,,,
;;;K633000;Superannuation Funds;;;;;;,,,
;K64;Auxiliary Finance and Insurance Services;;;;;;;;,,,
;;K641;Auxiliary Finance and Investment Services;;;;;;;,,,
;;;K641100;Financial Asset Broking Services;;;;;;,,,
;;;K641900;Other Auxiliary Finance and Investment Services;;;;;;,,,
;;K642;Auxiliary Insurance Services;;;;;;;,,,
;;;K642000;Auxiliary Insurance Services;;;;;;,,,
L;Rental, Hiring and Real Estate Services;;;;;;;;;,,
;L66;Rental and Hiring Services (except Real Estate);;;;;;;;,,,
;;L661;Motor Vehicle and Transport Equipment Rental and Hiring;;;;;;;,,,
;;;L661100;Passenger Car Rental and Hiring;;;;;;,,,
;;;L661900;Other Motor Vehicle and Transport Equipment Rental and Hiring;;;;;;,,,
;;L662;Farm Animals and Bloodstock Leasing;;;;;;;,,,
;;;L662000;Farm Animals and Bloodstock Leasing;;;;;;,,,
;;L663;Other Goods and Equipment Rental and Hiring;;;;;;;,,,
;;;L663100;Heavy Machinery and Scaffolding Rental and Hiring;;;;;;,,,
;;;L663200;Video and Other Electronic Media Rental;;;;;;,,,
;;;L663900;Other Goods and Equipment Rental and Hiring n.e.c.;;;;;;,,,
;;L664;Non-Financial Intangible Assets (except Copyrights) Leasing;;;;;;;,,,
;;;L664000;Non-Financial Intangible Assets (except Copyrights) Leasing;;;;;;,,,
;L67;Property Operators and Real Estate Services;;;;;;;;,,,
;;L671;Property Operators;;;;;;;,,,
;;;L671100;Residential Property Operators;;;;;;,,,
;;;L671200;Non-Residential Property Operators;;;;;;,,,
;;L672;Real Estate Services;;;;;;;,,,
;;;L672000;Real Estate Services;;;;;;,,,
M;Professional, Scientific and Technical Services;;;;;;;;;,,
;M69;Professional, Scientific and Technical Services (except Computer Systems Design and Related Services);;;;;;;;,,
;;M691;Scientific Research Services;;;;;;;,,,
;;;M691000;Scientific Research Services;;;;;;,,,
;;M692;Architectural, Engineering and Technical Services;;;;;;;,,
;;;M692100;Architectural Services;;;;;;,,,
;;;M692110;Architecture Commercial;;;;;;,,,
;;;M692120;Architecture Residential;;;;;;,,,
;;;M692130;Architecture - Schools MOE ;;;;;;,,,
;;;M692140;Architecture - Schools - Non MOE ;;;;;;,,,
;;;M692150;Building Services Engineering ;;;;;;,,,
;;;M692160;Inspection Reports ;;;;;;,,,
;;;M692170;Quantity Surveying ;;;;;;,,,
;;;M692180;Structural Engineering ;;;;;;,,,
;;;M692190;Town Planning ;;;;;;,,,
;;;M692200;Surveying and Mapping Services;;;;;;,,,
;;;M692210;Valuations ;;;;;;,,,
;;;M692220;Fire and General ;;;;;;,,,
;;;M692230;Interior Design;;;;;;,,,
;;;M692240;Urban Design ;;;;;;,,,
;;;M692250;Landscape Architecture / Design ;;;;;;,,,
;;;M692260;Heritage Building Conservation ;;;;;;,,,
;;;M692270;Expert Witness ;;;;;;,,,
;;;M692280;Canterbury Earthquake Rebuild Work;;;;;;,,,
;;;M692290;Redesign of a buildings that have Aluminium Composite Panels;;;;;;,,,
;;;M692295;Other Work not listed above ;;;;;;,,,
;;;M692300;Engineering Design and Engineering Consulting Services;;;;;;,,,
;;;M692400;Other Specialised Design Services;;;;;;,,,
;;;M692500;Scientific Testing and Analysis Services;;;;;;,,,
;;M693;Legal and Accounting Services;;;;;;;,,,
;;;M693100;Legal Services;;;;;;,,,
;;;M693200;Accounting Services;;;;;;,,,
;;M694;Advertising Services;;;;;;;,,,
;;;M694000;Advertising Services;;;;;;,,,
;;M695;Market Research and Statistical Services;;;;;;;,,,
;;;M695000;Market Research and Statistical Services;;;;;;,,,
;;M696;Management and Other Consulting Services;;;;;;;,,,
;;;M696100;Corporate Head Office Management Services;;;;;;,,,
;;;M696200;Management Advice and Other Consulting Services;;;;;;,,,
;;;M696210;Business Development & Strategic Planning;;;;;;,,,
;;;M696220;Contruction;;;;;;,,,
;;;M696230;Design Management;;;;;;,,,
;;;M696240;Financial and Accounting Systems Analysis;;;;;;,,,
;;;M696250;Information Technology;;;;;;,,,
;;;M696260;Manufacturing & Operational Processes;;;;;;,,,
;;;M696270;Project Management Teaching and Coaching;;;;;;,,,
;;;M696300;Resource Consent and Implementation Management;;;;;;,,,
;;;M696400;Telecomunication Management;;;;;;,,,
;;;M696500;Other Project Management Activities;;;;;;,,,
;;;M696600;Non Project Management Activities;;;;;;,,,
;;M697;Veterinary Services;;;;;;;,,,
;;;M697000;Veterinary Services;;;;;;,,,
;;M699;Other Professional, Scientific and Technical Services;;;;;;;,,
;;;M699100;Professional Photographic Services;;;;;;,,,
;;;M699900;Other Professional, Scientific and Technical Services n.e.c.;;;;;;,,
;M70;Computer Systems Design and Related Services;;;;;;;;,,,
;;M700;Computer Systems Design and Related Services;;;;;;;,,,
;;;M700000;Computer Systems Design and Related Services;;;;;;,,,
N;Administrative and Support Services;;;;;;;;;,,,
;N72;Administrative Services;;;;;;;;,,,
;;N721;Employment Services;;;;;;;,,,
;;;N721100;Employment Placement and Recruitment Services;;;;;;,,,
;;;N721200;Labour Supply Services;;;;;;,,,
;;N722;Travel Agency Services;;;;;;;,,,
;;;N722000;Travel Agency and Tour Arrangement Services;;;;;;,,,
;;N729;Other Administrative Services;;;;;;;,,,
;;;N729100;Office Administrative Services;;;;;;,,,
;;;N729200;Document Preparation Services;;;;;;,,,
;;;N729300;Credit Reporting and Debt Collection Services;;;;;;,,,
;;;N729400;Call Centre Operation;;;;;;,,,
;;;N729900;Other Administrative Services n.e.c.;;;;;;,,,
;N73;Building Cleaning, Pest Control and Other Support Services;;;;;;;;,,
;;N731;Building Cleaning, Pest Control and Gardening Services;;;;;;;,,
;;;N731100;Buildings Cleaning Services;;;;;;,,,
;;;N731200;Buildings Pest Control Services;;;;;;,,,
;;;N731300;Gardening Services;;;;;;,,,
;;N732;Packaging and Labelling Services;;;;;;;,,,
;;;N732000;Packaging Services;;;;;;,,,
O;Public Administration and Safety;;;;;;;;;,,,
;O75;Public Administration;;;;;;;;,,,
;;O751;Central Government Administration;;;;;;;,,,
;;;O751000;Central Government Administration;;;;;;,,,
;;O752;State Government Administration;;;;;;;,,,
;;;O752000;State Government Administration;;;;;;,,,
;;O753;Local Government Administration;;;;;;;,,,
;;;O753000;Local Government Administration;;;;;;,,,
;;O754;Justice;;;;;;;,,,
;;;O754000;Justice;;;;;;,,,
;;O755;Government Representation;;;;;;;,,,
;;;O755100;Domestic Government Representation;;;;;;,,,
;;;O755200;Foreign Government Representation;;;;;;,,,
;O76;Defence;;;;;;;;,,,
;;O760;Defence;;;;;;;,,,
;;;O760000;Defence;;;;;;,,,
;O77;Public Order, Safety and Regulatory Services;;;;;;;;,,
;;O771;Public Order and Safety Services;;;;;;;,,,
;;;O771100;Police Services;;;;;;,,,
;;;O771200;Investigation and Security Services;;;;;;,,,
;;;O771300;Fire Protection and Other Emergency Services (except Ambulance Services);;;;;;,,,
;;;O771400;Correctional and Detention Services;;;;;;,,,
;;;O771900;Other Public Order and Safety Services;;;;;;,,,
;;O772;Regulatory Services;;;;;;;,,,
;;;O772000;Regulatory Services;;;;;;,,,
P;Education and Training;;;;;;;;;,,,
;P80;Preschool and School Education;;;;;;;;,,,
;;P801;Preschool Education;;;;;;;,,,
;;;P801000;Preschool Education;;;;;;,,,
;;P802;School Education;;;;;;;,,,
;;;P802100;Primary Education;;;;;;,,,
;;;P802200;Secondary Education;;;;;;,,,
;;;P802300;Combined Primary and Secondary Education;;;;;;,,,
;;;P802400;Special School Education;;;;;;,,,
;P81;Tertiary Education;;;;;;;;,,,
;;P810;Tertiary Education;;;;;;;,,,
;;;P810100;Technical and Vocational Education and Training;;;;;;,,,
;;;P810200;Higher Education;;;;;;,,,
;P82;Adult, Community and Other Education;;;;;;;;,,
;;P821;Adult, Community and Other Education;;;;;;;,,
;;;P821100;Sports and Physical Recreation Instruction;;;;;;,,,
;;;P821200;Arts Education;;;;;;,,,
;;;P821900;Adult, Community and Other Education n.e.c.;;;;;;,,
;;P822;Educational Support Services;;;;;;;,,,
;;;P822000;Educational Support Services;;;;;;,,,
Q;Health Care and Social Assistance;;;;;;;;;,,,
;Q84;Hospitals;;;;;;;;,,,
;;Q840;Hospitals;;;;;;;,,,
;;;Q840100;Hospitals (except Psychiatric Hospitals);;;;;;,,,
;;;Q840200;Psychiatric Hospitals;;;;;;,,,
;Q85;Medical and Other Health Care Services;;;;;;;;,,,
;;Q851;Medical Services;;;;;;;,,,
;;;Q851100;General Practice Medical Services;;;;;;,,,
;;;Q851200;Specialist Medical Services;;;;;;,,,
;;Q852;Pathology and Diagnostic Imaging Services;;;;;;;,,,
;;;Q852000;Pathology and Diagnostic Imaging Services;;;;;;,,,
;;Q853;Allied Health Services;;;;;;;,,,
;;;Q853100;Dental Services;;;;;;,,,
;;;Q853200;Optometry and Optical Dispensing;;;;;;,,,
;;;Q853300;Physiotherapy Services;;;;;;,,,
;;;Q853400;Chiropractic and Osteopathic Services;;;;;;,,,
;;;Q853900;Other Allied Health Services;;;;;;,,,
;;Q859;Other Health Care Services;;;;;;;,,,
;;;Q859100;Ambulance Services;;;;;;,,,
;;;Q859900;Other Health Care Services n.e.c.;;;;;;,,,
;Q86;Residential Care Services;;;;;;;;,,,
;;Q860;Residential Care Services;;;;;;;,,,
;;;Q860100;Aged Care Residential Services;;;;;;,,,
;;;Q860900;Other Residential Care Services;;;;;;,,,
;Q87;Social Assistance Services;;;;;;;;,,,
;;Q871;Child Care Services;;;;;;;,,,
;;;Q871000;Child Care Services;;;;;;,,,
;;Q879;Other Social Assistance Services;;;;;;;,,,
;;;Q879000;Other Social Assistance Services;;;;;;,,,
R;Arts and Recreation Services;;;;;;;;;,,,
;R89;Heritage Activities;;;;;;;;,,,
;;R891;Museum Operation;;;;;;;,,,
;;;R891000;Museum Operation;;;;;;,,,
;;R892;Parks and Gardens Operations;;;;;;;,,,
;;;R892100;Zoological and Botanic Gardens Operation;;;;;;,,,
;;;R892200;Nature Reserves and Conservation Parks Operation;;;;;;,,,
;R90;Artistic Activities;;;;;;;;,,,
;;R900;Creative and Performing Arts Activities;;;;;;;,,,
;;;R900100;Performing Arts Operation;;;;;;,,,
;;;R900200;Creative Artists, Musicians, Writers and Performers;;;;;;,
;;;R900300;Performing Arts Venue Operation;;;;;;,,,
;R91;Sport and Recreation Activities;;;;;;;;,,,
;;R911;Sport and Physical Recreation Activities;;;;;;;,,,
;;;R911100;Health and Fitness Centres and Gymnasia Operation;;;;;;,,,
;;;R911200;Sport and Physical Recreation Clubs and Sports Professionals;;;;;;,,,
;;;R911300;Sports and Physical Recreation Venues, Grounds and Facilities Operation;;;;;;,,
;;;R911400;Sport and Physical Recreation Administrative Service;;;;;;,,,
;;R912;Horse and Dog Racing Activities;;;;;;;,,,
;;;R912100;Horse and Dog Racing Administration and Track Operation;;;;;;,,,
;;;R912900;Other Horse and Dog Racing Activities;;;;;;,,,
;;R913;Amusement and Other Recreation Activities;;;;;;;,,,
;;;R913100;Amusement Parks and Centres Operation;;;;;;,,,
;;;R913900;Amusement and Other Recreation Activities n.e.c.;;;;;;,,,
;R92;Gambling Activities;;;;;;;;,,,
;;R920;Gambling Activities;;;;;;;,,,
;;;R920100;Casino Operation;;;;;;,,,
;;;R920200;Lottery Operation;;;;;;,,,
;;;R920900;Other Gambling Activities;;;;;;,,,
S;Other Services;;;;;;;;;,,,
;S94;Repair and Maintenance;;;;;;;;,,,
;;S941;Automotive Repair and Maintenance;;;;;;;,,,
;;;S941100;Automotive Electrical Services;;;;;;,,,
;;;S941200;Automotive Body, Paint and Interior Repair;;;;;;,,
;;;S941900;Other Automotive Repair and Maintenance;;;;;;,,,
;;S942;Machinery and Equipment Repair and Maintenance;;;;;;;,,,
;;;S942100;Domestic Appliance Repair and Maintenance;;;;;;,,,
;;;S942200;Electronic (except Domestic Appliance) and Precision Equipment Repair and Maintenance;;;;;;,,,
;;;S942900;Other Machinery and Equipment Repair and Maintenance;;;;;;,,,
;;S949;Other Repair and Maintenance;;;;;;;,,,
;;;S949100;Clothing and Footwear Repair;;;;;;,,,
;;;S949900;Other Repair and Maintenance n.e.c.;;;;;;,,,
;S95;Personal and Other Services;;;;;;;;,,,
;;S951;Personal Care Services;;;;;;;,,,
;;;S951100;Hairdressing and Beauty Services;;;;;;,,,
;;;S951200;Diet and Weight Reduction Centre Operation;;;;;;,,,
;;S952;Funeral, Crematorium and Cemetery Services;;;;;;;,,
;;;S952000;Funeral, Crematorium and Cemetery Services;;;;;;,,
;;S953;Other Personal Services;;;;;;;,,,
;;;S953100;Laundry and Dry-Cleaning Services;;;;;;,,,
;;;S953200;Photographic Film Processing;;;;;;,,,
;;;S953300;Parking Services;;;;;;,,,
;;;S953400;Brothel Keeping and Prostitution Services;;;;;;,,,
;;;S953900;Other Personal Services n.e.c.;;;;;;,,,
;;S954;Religious Services;;;;;;;,,,
;;;S954000;Religious Services;;;;;;,,,
;;S955;Civic, Professional and Other Interest Group Services;;;;;;;,,
;;;S955100;Business and Professional Association Services;;;;;;,,,
;;;S955200;Labour Association Services;;;;;;,,,
;;;S955900;Other Interest Group Services n.e.c.;;;;;;,,,
;S96;Private Households Employing Staff;;;;;;;;,,,
;;S960;Private Households Employing Staff;;;;;;;,,,
;;;S960100;Private Households Employing Staff;;;;;;,,,
;;;S960200;Undifferentiated Goods-Producing Activities of Private Households for Own Use;;;;;;,,,
;;;S960300;Undifferentiated Service-Producing Activities of Private Households for Own Use;;;;;;,,,
T;Not Elsewhere Included;;;;;;;;;,,,
;T99;Not Elsewhere Included;;;;;;;;,,,
;;T994;Don't Know;;;;;;;,,,
;;;T994000;Don't Know;;;;;;,,,
;;T995;Refused to Answer;;;;;;;,,,
;;;T995000;Refused to Answer;;;;;;,,,
;;T997;Response Unidentifiable;;;;;;;,,,
;;;T997000;Response Unidentifiable;;;;;;,,,
;;T998;Response Outside Scope;;;;;;;,,,
;;;T998000;Response Outside Scope;;;;;;,,,
;;T999;Not Stated;;;;;;;,,,
;;;T999999;Not Stated;;;;;;,,,
